{
  "Studentdetails": [
    {
      "fname": "shashank",
      "lname": "Shashank",
      "emid": "839383",
      "altemail": "shashankakula1998@gmail.com",
      "pname": "Shekar",
      "marks": "45",
      "percentage": "78",
      "college": "cmr",
      "univer": "JNTUH",
      "city": "hyderabad",
      "state": "TELANGANA",
      "id": 1
    },
    {
      "fname": "shashanka",
      "lname": "Shashankk",
      "emid": "839386",
      "altemail": "shashankakula1999@gmail.com",
      "pname": "Chandra Sekhar",
      "marks": "49",
      "percentage": "84",
      "college": "cmr college",
      "univer": "Jntuh",
      "city": "Hyderabad",
      "state": "TELANGANA",
      "id": 2
    },
    {
      "fname": "shashanka",
      "lname": "Shashankk",
      "emid": "839386",
      "altemail": "shashankakula1999@gmail.com",
      "pname": "Chandra Sekhar",
      "marks": "49",
      "percentage": "84",
      "college": "cmr college",
      "univer": "Jntuh",
      "city": "Hyderabad",
      "state": "TELANGANA",
      "id": 3
    },
    {
      "fname": "shashank",
      "lname": "jsjsjs",
      "emid": "7363736",
      "altemail": "shashankakula1998@gmail.com",
      "pname": "Sekhar",
      "marks": "67",
      "percentage": "89",
      "college": "cmr",
      "univer": "JNTUH",
      "city": "Hyderabad",
      "state": "telangana",
      "id": 4
    }
  ]
}