{
  "RegisterData": [
    {
      "email": "arunjukanti222@gmail.com",
      "password": "arunkumar",
      "firstName": "ARUNKUMAR",
      "lastName": "JUKANTI",
      "id": 1
    },
    {
      "email": "shashankakula222@gmail.com",
      "password": "Shashank@poc222",
      "firstName": "umang",
      "lastName": "kumar",
      "id": 2
    },
    {
      "email": "nikhil@gmail.com",
      "password": "nikhil",
      "firstName": "nikhil",
      "lastName": "badugu",
      "id": 3
    },
    {
      "email": "shashankakula222@gmail.com",
      "password": "nikhil",
      "firstName": "nikhil",
      "lastName": "badugu",
      "id": 4
    }
  ]
}